"Age","Attrition","BusinessTravel","DailyRate","Department","DistanceFromHome","Education","EducationField","EnvironmentSatisfaction","Gender","HourlyRate","JobInvolvement","JobLevel","JobRole","JobSatisfaction","MaritalStatus","MonthlyIncome","MonthlyRate","NumCompaniesWorked","OverTime","PercentSalaryHike","PerformanceRating","RelationshipSatisfaction","StockOptionLevel","TotalWorkingYears","TrainingTimesLastYear","WorkLifeBalance","YearsAtCompany","YearsInCurrentRole","YearsSinceLastPromotion","YearsWithCurrManager"
0.333333333333333,0,2,0.64638511095204,2,0.0357142857142857,2,2,4,2,0.7,3,1,3,4,3,0.108425487098473,0.392290704677776,0,1,13,3,3,0,0.2,2,2,0.175,7,0.2,0.352941176470588
0.476190476190476,0,2,0.0816034359341446,2,0.785714285714286,3,2,4,2,0.2,2,3,5,3,3,0.448499210110585,0.268741216623168,0,1,21,4,2,0,0.25,2,3,0.225,7,0.0666666666666667,0.470588235294118
0.428571428571429,0,3,0.856836077308518,2,0.928571428571429,3,4,3,2,0.914285714285714,3,2,1,3,2,0.222643496577146,0.581529813290504,6,1,13,3,2,2,0.425,3,2,0.175,7,0.466666666666667,0.411764705882353
0.30952380952381,0,3,0.406585540443808,2,0.892857142857143,1,2,1,2,0.0142857142857143,3,1,7,3,1,0.100157977883096,0.525035133507328,1,1,17,3,4,1,0.125,1,2,0.125,2,0.266666666666667,0.176470588235294
0.428571428571429,1,3,0.798854688618468,3,0.285714285714286,4,2,3,2,0.742857142857143,2,1,9,1,3,0.126276987888362,0.196426420397511,7,1,23,4,2,0,0.25,4,3,0.125,3,0,0.176470588235294
0.380952380952381,1,3,0.427344309234073,2,0.178571428571429,1,4,2,2,0.757142857142857,3,1,7,1,3,0.102738283307004,0.602609917687211,2,1,11,3,3,0,0.2,2,3,0.1,2,0.0666666666666667,0.176470588235294
0.833333333333333,0,3,0.844667143879742,2,0.142857142857143,3,5,3,1,0.4,3,5,4,3,1,0.952343338599263,0.346958442079904,4,1,11,3,4,1,0.65,3,2,0.35,13,0.266666666666667,0.470588235294118
0.333333333333333,1,2,0.732283464566929,2,0.535714285714286,1,2,2,1,0.6,1,1,7,1,3,0.153238546603476,0.103874723951014,1,2,22,4,2,0,0.25,5,3,0.25,2,0.4,0.411764705882353
0.619047619047619,0,3,0.268432355046528,2,0.214285714285714,4,4,1,1,0.171428571428571,2,3,1,4,2,0.486519220642443,0,3,1,14,3,4,1,0.6,4,3,0.55,6,0.333333333333333,1
0.666666666666667,0,3,0.431639226914817,3,0.0357142857142857,4,3,2,1,0.757142857142857,3,5,4,1,3,0.944602422327541,0.832282674161815,3,1,12,3,4,0,0.55,2,2,0.05,2,0.133333333333333,0.0588235294117647
0.404761904761905,0,3,0.259126700071582,2,0.107142857142857,2,5,3,2,0.642857142857143,3,1,3,4,1,0.0496050552922591,0.353985143545473,1,1,12,3,3,1,0.025,3,3,0.025,0,0,0
0.380952380952381,0,1,0.689334287759485,3,0.785714285714286,4,3,2,2,0.6,3,2,8,3,3,0.187414428646656,0.318811483637824,0,1,20,4,3,0,0.25,2,3,0.225,5,0.533333333333333,0.411764705882353
0.452380952380952,0,3,0.219040801717967,2,0.642857142857143,2,2,2,2,0.614285714285714,3,1,7,2,2,0.106003159557662,0.326560931539851,4,1,21,4,1,0,0.2,1,3,0.025,0,0,0
0.619047619047619,0,3,0.992125984251969,3,0,5,3,2,1,0.642857142857143,3,2,8,1,1,0.23407056345445,0.0768921903232283,5,2,21,4,3,1,0.225,2,2,0.1,3,0.0666666666666667,0.176470588235294
0.30952380952381,0,3,0.395848246241947,2,0.214285714285714,4,2,4,2,0.257142857142857,3,2,3,4,1,0.258346498156925,0.298494278257378,3,1,22,4,4,1,0.25,3,2,0.175,7,0.0666666666666667,0.411764705882353
0.976190476190476,0,3,0.954187544738726,3,0.857142857142857,3,2,1,1,0.985714285714286,3,3,8,1,3,0.349025803054239,0.0104396707488456,7,1,11,3,4,0,0.7,3,2,0.525,16,0.466666666666667,0.529411764705882
0.30952380952381,0,3,0.701503221188261,2,0,4,4,3,2,0.814285714285714,3,1,7,2,3,0.0785676671932596,0.669785183698053,1,1,17,3,2,0,0.025,4,3,0.025,1,0.0666666666666667,0
0.404761904761905,0,3,0.482462419470294,3,0,4,3,3,2,0.0285714285714286,2,2,8,1,3,0.1739336492891,0.840072274643646,0,1,14,3,2,0,0.4,2,3,0.375,13,0.133333333333333,0.470588235294118
0.785714285714286,0,3,0.236220472440945,2,0.285714285714286,4,2,4,2,0.942857142857143,3,1,3,4,2,0.0561348077935756,0.66777755470789,3,1,23,4,2,2,0.25,4,3,0.1,2,0,0.176470588235294
0.523809523809524,0,2,0.306370794559771,2,0,4,2,3,2,0.685714285714286,2,4,1,2,2,0.657925223802001,0.482674161814897,1,1,22,4,4,1,0.55,3,2,0.55,3,0.733333333333333,0.647058823529412
0.142857142857143,0,3,0.895490336435218,3,0.0714285714285714,2,5,1,1,0.0428571428571429,3,2,8,3,2,0.210110584518167,0.619353543465168,0,1,21,4,1,1,0.1,2,2,0.075,2,0,0.117647058823529
0.0476190476190476,1,2,0.550465282748747,2,0.178571428571429,3,2,4,1,0.514285714285714,2,1,3,4,3,0.100947867298578,0.710258984139731,1,2,18,3,2,0,0.025,5,3,0.025,0,0.0666666666666667,0
0.380952380952381,0,3,0.403006442376521,2,0.178571428571429,4,5,1,1,0.157142857142857,3,2,7,3,3,0.200105318588731,0.417104998996186,1,1,14,3,3,0,0.4,3,3,0.4,13,0.133333333333333,0.588235294117647
0.976190476190476,0,1,0.943450250536865,1,0.0357142857142857,4,1,3,1,0.0285714285714286,2,5,4,4,2,0.939178515007899,0.796145352338888,9,1,21,4,4,1,0.75,3,3,0.075,2,0.133333333333333,0.117647058823529
0.761904761904762,0,2,0.725125268432355,2,0,3,2,1,1,0.614285714285714,3,5,6,2,2,0.903791469194313,0.307608913872716,3,2,19,3,1,0,0.7,1,2,0.2,3,0,0.411764705882353
0.166666666666667,1,3,0.0987831066571224,3,0.142857142857143,3,3,3,2,0.228571428571429,2,2,8,3,3,0.249341758820432,0.99839389680787,1,2,11,3,4,0,0.15,1,3,0.15,4,0,0.176470588235294
0.0952380952380952,0,3,0.309234073013601,2,0.5,3,4,2,1,0.414285714285714,3,1,3,4,3,0.0980516061084781,0.870949608512347,1,1,15,3,3,0,0.025,5,3,0,0,0,0
0.380952380952381,0,3,0.664996420901933,2,0.178571428571429,4,2,3,1,0.214285714285714,2,2,7,2,1,0.184096893101632,0.518209194940775,6,1,15,3,3,1,0.3,3,3,0.025,0,0,0
0.285714285714286,0,2,0.866141732283465,2,0.785714285714286,3,2,1,2,0.942857142857143,1,1,7,3,1,0.0844655081621906,0.81172455330255,1,1,25,4,3,3,0.25,2,2,0.25,7,0,0.529411764705882
0.30952380952381,1,3,0.105225483178239,3,0.178571428571429,4,2,2,2,0.657142857142857,1,2,8,3,2,0.271879936808847,0.74864485043164,4,2,18,3,2,0,0.3,3,2,0.175,7,0.466666666666667,0.411764705882353
0.738095238095238,0,3,0.263421617752326,2,0.678571428571429,4,4,3,1,0.942857142857143,3,2,5,1,2,0.292680358083202,0.138727163220237,1,1,14,3,3,0,0.4,2,2,0.375,11,0.333333333333333,0.647058823529412
0.30952380952381,1,3,0.31496062992126,3,0.678571428571429,3,2,2,1,0.585714285714286,1,2,8,3,2,0.186940494997367,0.911222646055009,3,2,11,3,3,1,0.1,2,3,0.05,2,0.133333333333333,0.117647058823529
0.285714285714286,0,3,0.814602720114531,1,0.285714285714286,3,1,3,2,0.257142857142857,3,2,2,4,2,0.281095313322801,0.477333868701064,0,2,19,3,4,0,0.3,2,1,0.275,9,0.266666666666667,0.411764705882353
0.333333333333333,1,3,0.666428060128847,2,0.285714285714286,3,4,1,1,0.157142857142857,3,1,3,1,3,0.168035808320169,0.326440473800442,7,1,22,4,1,0,0.25,2,4,0.125,4,0,0.235294117647059
0.285714285714286,0,3,0.0708661417322835,2,0.142857142857143,3,6,4,1,0.771428571428571,3,1,7,1,1,0.115587151132175,0.334109616542863,5,1,14,3,4,1,0.2,3,3,0.075,2,0.133333333333333,0.117647058823529
0.547619047619048,0,3,0.594846098783107,2,0.285714285714286,4,2,3,2,0.914285714285714,3,1,3,1,2,0.0647182727751448,0.195422605902429,2,1,21,4,4,1,0.175,2,3,0.125,0,0.0666666666666667,0.235294117647059
0.785714285714286,0,3,0.763779527559055,2,0.214285714285714,4,4,2,2,0.0571428571428571,2,2,5,3,2,0.269773565034229,0.477374021280867,2,1,17,3,3,0,0.25,2,3,0.025,0,0,0
0.333333333333333,0,3,0.0128847530422334,2,0.178571428571429,5,2,3,2,0.185714285714286,3,1,7,3,3,0.106845708267509,0.415017064846416,3,1,20,4,1,0,0.2,2,3,0.125,4,0.0666666666666667,0.235294117647059
0.428571428571429,0,2,0.986399427344309,2,0.0714285714285714,2,4,4,2,0,3,1,3,2,3,0.0568193786203265,0.520698654888577,4,1,12,3,3,0,0.325,3,2,0.2,7,0.466666666666667,0.117647058823529
0.904761904761905,0,3,0.437365783822477,2,0.25,3,2,3,1,0.528571428571429,3,1,7,1,1,0.171037388098999,0.475607307769524,4,2,18,3,3,1,0.475,3,3,0.05,2,0.133333333333333,0.117647058823529
0.357142857142857,0,3,0.0229062276306371,2,0.0357142857142857,3,2,3,2,0.857142857142857,3,1,7,4,3,0.0785150078988942,0.338124874523188,0,1,14,3,1,0,0.1,2,4,0.075,1,0,0.117647058823529
0.357142857142857,0,3,0.593414459556192,2,0.464285714285714,3,4,4,1,0.6,3,1,7,2,2,0.0919957872564508,0.103553503312588,1,1,13,3,4,1,0.2,5,3,0.2,7,0.0666666666666667,0.352941176470588
0.452380952380952,0,3,0.134574087329993,2,0.714285714285714,3,2,2,2,0.5,4,1,7,1,2,0.134544497103739,0.838506324031319,1,2,12,3,1,1,0.2,3,2,0.2,7,0.0666666666666667,0.411764705882353
0.404761904761905,0,2,0.0257695060844667,2,0.0357142857142857,3,4,2,1,0.1,3,2,3,2,3,0.179884149552396,0.557799638626782,5,1,11,3,4,0,0.25,5,3,0.15,2,0.0666666666666667,0.117647058823529
0.571428571428571,0,1,0.589835361488905,2,0.714285714285714,2,4,3,1,0.0857142857142857,3,2,5,3,1,0.224117956819379,0.575988757277655,2,1,16,3,2,1,0.275,5,3,0.125,3,0,0.117647058823529
0.214285714285714,0,2,0.264853256979241,2,0,1,6,3,2,0.428571428571429,2,2,5,1,2,0.173196419167983,0.304557317807669,5,1,19,3,3,1,0.15,1,3,0.05,2,0.133333333333333,0
0.523809523809524,0,3,0.574803149606299,2,0.642857142857143,2,4,3,2,0.985714285714286,3,2,3,4,2,0.0912058978409689,0.579361573981128,8,2,15,3,3,1,0.375,2,4,0.175,2,0.2,0.411764705882353
0.476190476190476,1,3,0.771653543307087,2,1,1,4,2,2,0.571428571428571,3,2,1,1,2,0.29826224328594,0.371812888978117,7,2,19,3,2,0,0.425,2,3,0.025,0,0,0
0.0952380952380952,0,3,0.740157480314961,2,0.142857142857143,3,2,4,2,0.428571428571429,4,1,7,2,1,0.0694576092680358,0.413491266813893,1,2,16,3,1,1,0.1,2,2,0.1,2,0.133333333333333,0.117647058823529
0.523809523809524,0,1,0.750894774516822,2,0.285714285714286,5,2,4,2,0.471428571428571,2,2,1,4,2,0.203633491311216,0.48777353944991,9,1,14,3,4,1,0.125,5,1,0.075,2,0,0.117647058823529
0.333333333333333,1,3,0.675017895490336,3,0.107142857142857,4,4,4,2,0.0285714285714286,1,3,8,4,2,0.494523433385993,0.952338887773539,1,1,11,3,3,0,0.35,2,2,0.35,8,0.6,0.470588235294118
0.785714285714286,0,3,0.978525411596278,2,0.25,4,2,2,2,0.728571428571429,2,3,6,2,2,0.604581358609795,0.547761493675969,5,1,16,3,4,2,0.4,5,1,0.25,9,0.266666666666667,0.411764705882353
0.285714285714286,1,3,0.64638511095204,2,0.0714285714285714,3,6,4,1,0.828571428571429,3,1,7,1,3,0.0867825171142707,0.259465970688617,5,2,11,3,3,0,0.2,5,3,0.125,2,0,0.235294117647059
0.285714285714286,1,2,0.166070150322119,3,0.892857142857143,4,3,3,1,0.314285714285714,2,2,8,1,3,0.299473407056345,0.838104798233287,5,1,15,3,3,0,0.225,5,2,0.15,3,0,0.0588235294117647
0.428571428571429,0,3,0.926270579813887,2,0.142857142857143,2,2,4,2,0.457142857142857,3,2,3,2,3,0.258293838862559,0.315237904035334,8,1,16,3,4,0,0.4,3,4,0.325,11,0.2,0.411764705882353
0.452380952380952,0,2,0.401574803149606,2,0.357142857142857,3,5,2,2,0.242857142857143,3,3,6,4,1,0.588520273828331,0.319694840393495,1,2,14,3,3,3,0.25,1,3,0.25,8,0,0.411764705882353
0.30952380952381,0,1,0.627773801002147,2,0,4,4,3,2,0.857142857142857,1,2,5,3,2,0.17567140600316,0.0918289500100381,0,1,12,3,4,1,0.15,2,3,0.125,4,0.0666666666666667,0.235294117647059
0.976190476190476,0,3,0.0286327845382963,2,0.0714285714285714,3,2,3,2,0.571428571428571,2,1,7,4,2,0.061506055818852,0.255450712708292,3,1,17,3,1,1,0.175,6,3,0.025,0,0,0
0.261904761904762,0,2,0.938439513242663,3,0,1,4,2,1,0.171428571428571,3,3,8,4,2,0.363823064770932,0.180887372013652,1,1,14,3,4,1,0.275,5,3,0.275,10,0.266666666666667,0.0588235294117647
0.261904761904762,1,3,0.568360773085183,2,0.607142857142857,1,4,3,2,0.8,2,1,7,4,3,0.0726698262243286,0.516643244328448,1,2,13,3,3,0,0.1,3,2,0.1,3,0,0.0588235294117647
0.333333333333333,0,1,0.625626342161775,3,0.892857142857143,4,3,3,2,1,3,2,8,4,2,0.181990521327014,0.400521983537442,0,1,18,3,1,0,0.1,2,3,0.075,2,0.133333333333333,0.117647058823529
0.523809523809524,0,3,0.857551896921976,2,0.821428571428571,2,6,1,2,0.457142857142857,3,2,7,4,1,0.121642969984202,0.8975306163421,1,1,17,3,1,2,0.225,3,3,0.225,8,0.266666666666667,0.411764705882353
0.452380952380952,0,3,0.654974946313529,2,0,2,4,3,1,0.757142857142857,2,1,7,1,2,0.153291205897841,0.666653282473399,2,1,14,3,1,1,0.425,2,2,0.075,1,0,0.117647058823529
0.452380952380952,1,2,0.287759484609878,2,0.321428571428571,3,4,1,2,0.442857142857143,3,3,5,3,1,0.475987361769352,0.822284681790805,6,1,11,3,2,2,0.425,5,3,0.025,0,0,0
0.5,0,2,0.288475304223336,2,0.0357142857142857,4,6,3,1,0.485714285714286,3,3,1,3,3,0.522854133754608,0.17370006022887,0,1,25,4,4,0,0.5,1,3,0.475,6,0.733333333333333,0.470588235294118
0.30952380952381,1,2,0.146743020758769,2,1,2,4,3,2,0.585714285714286,2,1,3,2,3,0.130068457082675,0.383778357759486,0,1,11,3,2,0,0.15,2,4,0.125,4,0.0666666666666667,0.235294117647059
0.333333333333333,0,3,0.0186113099498926,2,0.0357142857142857,1,6,4,2,0.771428571428571,2,2,3,1,3,0.0614533965244866,0.708411965468781,4,1,13,3,4,0,0.225,5,3,0.15,2,0,0.235294117647059
0.666666666666667,0,3,0.27630637079456,3,0.0357142857142857,3,6,3,1,0.642857142857143,1,4,4,2,2,0.835334386519221,0.5172856856053,3,2,12,3,2,1,0.7,2,2,0.175,7,0.466666666666667,0.411764705882353
0.261904761904762,0,3,0.793128131710809,3,0.0357142857142857,3,4,1,2,0.685714285714286,2,2,8,2,2,0.296735123749342,0.063963059626581,2,1,19,3,2,2,0.25,2,3,0,0,0,0
0.166666666666667,0,1,0.410164638511095,2,0.142857142857143,2,2,2,2,0.785714285714286,4,2,1,1,1,0.157503949447077,0.654085524994981,1,1,12,3,4,2,0.15,2,3,0.15,3,0.0666666666666667,0.294117647058824
0.642857142857143,0,3,0.918396564065855,2,0.678571428571429,2,4,3,2,0.7,3,4,1,4,2,0.657556608741443,0.217104998996186,0,2,14,3,2,0,0.525,2,3,0.5,7,0.266666666666667,0.588235294117647
0.880952380952381,0,3,0.250536864710093,2,0,3,4,4,2,0.728571428571429,3,5,4,1,3,0.949763033175355,0.676330054205983,0,2,14,3,3,0,0.925,2,3,0.9,10,0.266666666666667,0.764705882352941
0.452380952380952,0,3,0.0901932712956335,3,0.178571428571429,4,4,3,2,0.971428571428571,3,2,8,4,2,0.289257503949447,0.832403131901225,4,1,14,3,2,1,0.175,5,4,0.125,4,0,0.0588235294117647
0.452380952380952,0,1,0.448103078024338,2,0,4,4,1,1,0.714285714285714,3,3,6,4,1,0.663191153238547,0.384782172254567,2,2,18,3,1,2,0.375,2,3,0.125,2,0,0.117647058823529
0.761904761904762,0,3,0.497494631352899,2,0.107142857142857,1,2,1,2,0.942857142857143,3,5,6,2,1,0.954976303317536,0.550933547480426,3,1,14,3,1,2,0.7,4,2,0.25,4,0.0666666666666667,0.352941176470588
0.880952380952381,0,3,0.0322118826055834,2,0.678571428571429,2,6,2,2,0.1,3,2,3,4,2,0.232016850974197,0.557237502509536,3,2,19,3,4,1,0.3,4,3,0.25,7,0,0.470588235294118
0.19047619047619,0,2,0.282032927702219,2,0.357142857142857,2,4,1,2,0.428571428571429,3,2,1,1,2,0.19652448657188,0.82826741618149,1,2,13,3,3,1,0.125,3,3,0.125,3,0.2,0.176470588235294
0.238095238095238,0,3,0.72655690765927,2,0.25,2,2,4,1,0.514285714285714,3,1,7,4,3,0.121169036334913,0.0961252760489861,1,1,21,4,4,0,0.125,3,3,0.125,3,0,0.117647058823529
0.30952380952381,0,2,0.244810307802434,3,0.142857142857143,3,3,4,1,0.771428571428571,3,1,9,2,1,0.0937335439705108,0.072876932342903,1,1,11,3,3,1,0.05,5,2,0.05,2,0.133333333333333,0.117647058823529
0.19047619047619,1,3,0.607015032211883,3,0.107142857142857,4,3,4,2,0.257142857142857,2,2,8,4,3,0.25376513954713,0.255209797229472,1,2,12,3,2,0,0.2,0,3,0.2,7,0.466666666666667,0.235294117647059
0,1,3,0.0916249105225483,2,0.0714285714285714,3,2,3,2,0.342857142857143,3,1,3,3,3,0.0216429699842022,0.929090544067456,1,1,13,3,3,0,0,2,3,0,0,0,0
0.428571428571429,0,2,0.332140300644238,2,0.607142857142857,4,2,3,2,0.728571428571429,4,1,3,4,2,0.141074249605055,0.201887171250753,4,1,18,3,4,2,0.1,2,3,0.025,0,0,0
0.357142857142857,0,2,0.322834645669291,2,0.142857142857143,4,2,4,1,0.628571428571429,3,3,4,2,2,0.572353870458136,0.854045372415178,6,1,11,3,2,2,0.3,2,3,0.25,6,0.533333333333333,0.470588235294118
0.238095238095238,1,3,0.755189692197566,2,0.0357142857142857,4,4,1,2,0.771428571428571,1,1,7,4,2,0.129278567667193,0.909174864485043,5,2,13,3,4,0,0.125,4,2,0.075,2,0.133333333333333,0.117647058823529
0.642857142857143,0,3,0.319971367215462,2,0.25,4,5,4,2,0.642857142857143,3,2,7,4,2,0.141548183254344,0.288456133306565,9,1,14,3,1,2,0.3,3,3,0.25,9,0.6,0.470588235294118
0.523809523809524,0,3,0.731567644953472,3,0,2,4,2,2,0.385714285714286,1,2,8,4,2,0.339547130068457,0.448865689620558,2,2,22,4,3,3,0.15,2,2,0.1,3,0,0.117647058823529
0.261904761904762,1,3,0.1546170365068,2,0.25,4,5,2,2,0.671428571428571,1,1,3,1,2,0.0584518167456556,0.107006625175668,1,2,11,3,4,0,0.175,4,2,0.175,7,0,0.411764705882353
0.333333333333333,0,3,0.687186828919112,2,0.0357142857142857,3,4,3,1,0.642857142857143,3,1,3,2,2,0.0716692996313849,0.0747641035936559,1,1,13,3,3,1,0.2,4,3,0.2,0,0,0.411764705882353
0.571428571428571,0,3,0.880458124552613,2,0.0357142857142857,4,5,1,2,0.971428571428571,2,2,1,4,3,0.303949447077409,0.601646255771933,3,1,23,4,2,0,0.35,6,3,0.025,0,0,0
0.357142857142857,1,3,0.177523264137437,3,0.142857142857143,3,3,4,1,0.0571428571428571,3,1,9,3,3,0.096998420221169,0.283316603091749,1,2,13,3,2,0,0.025,2,3,0.025,0,0,0
0.452380952380952,0,3,0.586256263421618,2,0.321428571428571,3,4,3,1,0.971428571428571,3,1,3,1,2,0.128646656134808,0.625135514956836,6,1,20,4,2,1,0.425,3,3,0.125,4,0,0.176470588235294
0.547619047619048,1,2,0.0293486041517538,3,0.107142857142857,3,3,1,2,0.371428571428571,3,2,8,2,3,0.439494470774092,0.299698855651476,1,1,18,3,3,0,0.2,5,3,0.2,7,0.466666666666667,0.411764705882353
0.523809523809524,1,3,0.338582677165354,3,0.75,2,3,3,2,0.542857142857143,2,2,8,3,2,0.282833070036862,0.161252760489861,2,2,12,3,1,2,0.2,6,3,0.15,4,0.0666666666666667,0
0.30952380952381,0,3,0.219040801717967,2,0.285714285714286,4,2,3,2,0.171428571428571,2,1,7,2,3,0.0867825171142707,0.219112627986348,0,2,16,3,4,0,0.075,5,3,0.05,2,0.133333333333333,0.117647058823529
0.261904761904762,0,3,0.8453829634932,2,0.785714285714286,3,2,4,2,0.342857142857143,3,1,7,4,3,0.062769878883623,0.645412567757478,9,1,16,3,4,0,0.15,4,3,0.075,2,0.0666666666666667,0.117647058823529
0.238095238095238,0,3,0.144595561918397,3,0.285714285714286,4,2,2,2,0.885714285714286,3,2,8,4,3,0.223486045286993,0.749086528809476,1,1,16,3,4,0,0.175,1,3,0.175,5,0,0.411764705882353
0.785714285714286,0,3,0.770221904080172,3,0.464285714285714,2,2,3,1,0.814285714285714,3,2,8,4,2,0.206793048973144,0.512668138927926,4,1,11,3,3,1,0.45,2,2,0.175,7,0,0.411764705882353
0.380952380952381,1,1,0.901932712956335,3,0.642857142857143,3,3,1,2,0.528571428571429,4,2,8,4,3,0.226171669299631,0.10271029913672,8,2,13,3,2,0,0.225,3,2,0.125,2,0,0.235294117647059
0.452380952380952,0,3,0.719398711524696,2,0.464285714285714,3,2,4,1,0.928571428571429,3,1,3,1,1,0.106635071090047,0.996587030716723,1,1,12,3,3,1,0.45,2,2,0.45,7,0.8,1
0.595238095238095,0,3,0.62992125984252,2,0.392857142857143,3,2,1,2,0.414285714285714,2,4,6,2,1,0.701790416008426,0.0903834571371211,1,1,11,3,3,1,0.625,3,3,0.625,10,0.2,0.529411764705882
0.30952380952381,0,3,0.2705798138869,2,0.214285714285714,2,4,2,1,0.0142857142857143,3,2,5,1,2,0.173617693522907,0.0827946195543064,1,1,12,3,2,1,0.325,5,1,0.325,10,0.2,0.705882352941177
0.452380952380952,0,1,0.68790264853257,2,0.857142857142857,5,4,2,1,0.6,3,2,7,3,2,0.181147972617167,0.87420196747641,3,2,15,3,1,2,0.375,2,3,0.325,11,0.666666666666667,0.411764705882353
0.904761904761905,0,2,0.575518969219757,3,0.178571428571429,3,2,3,1,0.8,4,4,8,1,2,0.642601369141654,0.648945994780165,9,1,11,3,4,3,0.9,0,2,0.175,7,0.466666666666667,0.411764705882353
0.238095238095238,0,3,0.857551896921976,2,0.571428571428571,2,4,3,2,0.7,3,2,3,1,1,0.186887835703002,0.45938566552901,1,1,12,3,4,1,0.25,2,3,0.25,0,0.0666666666666667,0.470588235294118
0.166666666666667,1,3,0.419470293486042,2,0.0714285714285714,3,4,1,2,0.871428571428571,3,1,3,1,2,0.159136387572407,0.293194137723349,5,1,13,3,3,1,0.15,5,3,0.05,2,0,0.117647058823529
0.80952380952381,0,3,0.155332856120258,2,0.0714285714285714,3,4,4,2,0.128571428571429,2,3,5,3,2,0.36650868878357,0.703272435253965,2,2,14,3,3,0,0.7,4,3,0.125,4,0,0.235294117647059
0.642857142857143,0,3,0.0644237652111668,2,0.321428571428571,2,2,1,2,0.557142857142857,3,1,7,4,2,0.0866245392311743,0.303593655892391,3,1,21,4,4,2,0.2,3,2,0.05,2,0,0.117647058823529
1,0,3,0.229062276306371,2,0.214285714285714,3,2,1,1,0.157142857142857,3,5,4,1,2,0.977198525539758,0.0706685404537242,5,1,11,3,4,0,0.825,5,1,0.725,8,0.733333333333333,0.588235294117647
0.380952380952381,1,2,0.138869005010737,3,0.178571428571429,2,3,4,1,0.0428571428571429,1,1,9,3,1,0.0706687730384413,0.407910058221241,0,1,16,3,4,1,0.075,3,2,0.05,2,0.0666666666666667,0
0.476190476190476,0,2,0.993557623478883,2,0.0357142857142857,2,2,4,2,0.171428571428571,3,1,3,4,2,0.0364928909952607,0.402007628990163,1,2,23,4,3,1,0.025,3,3,0.025,0,0,0
0.523809523809524,0,3,0.927702219040802,3,0.0357142857142857,4,2,3,1,0.7,3,5,4,3,2,0.896893101632438,0.438787392089942,0,1,14,3,4,0,0.525,2,3,0.5,15,0.0666666666666667,0.705882352941177
0.69047619047619,0,3,0.630637079455977,2,0.0357142857142857,2,4,1,1,0.5,3,2,5,4,1,0.213849394418115,0.212607910058221,5,1,13,3,3,3,0.5,2,3,0.125,0,0,0.235294117647059
0.857142857142857,0,3,0.319255547602004,2,0.25,4,2,3,1,0.171428571428571,3,2,3,3,3,0.145918904686677,0.856615137522586,7,1,11,3,3,0,0.475,3,3,0.025,0,0,0
0.666666666666667,0,3,0.732283464566929,3,0.321428571428571,3,3,3,1,0.914285714285714,2,3,8,4,2,0.424539231174302,0.380204778156997,2,2,19,3,3,1,0.375,3,3,0.075,2,0.0666666666666667,0.117647058823529
0.30952380952381,1,2,0.309234073013601,2,0.678571428571429,3,2,1,2,0.514285714285714,3,3,1,3,2,0.46419167983149,0.835735796024895,3,1,12,3,1,0,0.3,2,3,0.025,0,0,0
0.404761904761905,0,3,0.37007874015748,3,0,3,3,2,2,0.785714285714286,3,2,8,3,2,0.195260663507109,0.665127484440875,9,1,11,3,3,0,0.375,2,3,0.275,9,0.4,0.529411764705882
0.571428571428571,0,3,0.155332856120258,2,0.821428571428571,3,4,4,2,0.371428571428571,3,3,5,1,2,0.336861506055819,0.194980927524593,1,2,21,4,4,1,0.25,5,2,0.25,9,0.333333333333333,0.470588235294118
0.30952380952381,0,3,0.419470293486042,3,0.214285714285714,3,2,3,2,0.2,2,3,4,4,1,0.555450236966825,0.931419393696045,9,1,21,4,3,1,0.25,3,2,0.125,4,0,0.0588235294117647
0.452380952380952,0,3,0.498926270579814,2,0,3,6,2,1,0.414285714285714,3,3,5,4,3,0.341337546076883,0.873479221039952,4,1,17,3,4,0,0.3,3,4,0.15,5,0.0666666666666667,0.117647058823529
0.452380952380952,0,1,0.0286327845382963,3,0.285714285714286,4,4,1,2,0.557142857142857,3,3,8,2,1,0.412058978409689,0.906324031319012,1,1,13,3,4,1,0.225,6,3,0.225,5,0.466666666666667,0.411764705882353
0.80952380952381,0,3,0.611309949892627,2,0.178571428571429,2,6,4,2,0.685714285714286,3,2,7,1,1,0.240547656661401,0.802770528006424,3,2,12,3,2,2,0.45,3,3,0.25,9,0.4,0.529411764705882
0.333333333333333,1,1,0.982104509663565,3,0.357142857142857,4,5,4,2,0.428571428571429,4,2,8,3,2,0.194734070563454,0.876129291306966,8,1,12,3,4,0,0.15,2,3,0.1,2,0.0666666666666667,0.117647058823529
0.738095238095238,0,3,0.818181818181818,2,0.607142857142857,4,2,4,2,0.4,2,5,6,3,1,0.973828330700369,0.00124472997390082,1,2,17,3,3,1,0.775,5,3,0.775,9,0,0.529411764705882
0.142857142857143,0,3,0.516105941302792,2,0.571428571428571,2,5,4,2,0.914285714285714,2,1,3,2,2,0.0588730911005793,0.281308974101586,1,1,21,4,4,1,0.025,2,3,0.025,0,0,0
0.571428571428571,0,3,0.372226198997853,2,0.0357142857142857,4,2,3,1,0.728571428571429,3,2,1,4,2,0.162190626645603,0.145512949206987,1,1,13,3,2,2,0.25,4,3,0.25,2,0.133333333333333,0.117647058823529
0.619047619047619,0,3,0.722977809591983,1,0,4,2,1,1,0.285714285714286,2,2,2,3,3,0.262032648762507,0.995783979120659,4,1,11,3,2,0,0.25,1,4,0.05,2,0,0.117647058823529
0.380952380952381,0,3,0.0730136005726557,3,0.464285714285714,3,6,3,1,0.0142857142857143,3,1,9,3,1,0.0826750921537651,0.0328448102790604,1,2,18,3,4,2,0.2,3,3,0.2,2,0,0.352941176470588
0.0952380952380952,0,3,0.359341445955619,2,0.178571428571429,1,4,1,2,0.557142857142857,3,1,7,3,2,0.0928909952606635,0.403573579602489,0,1,20,4,4,0,0.075,3,3,0.05,2,0.133333333333333,0.117647058823529
0.357142857142857,0,3,0.797423049391553,3,0.25,4,3,3,2,0.128571428571429,3,2,8,3,1,0.320958399157451,0.736277855852238,0,1,12,3,4,0,0.15,3,3,0.125,0,0.0666666666666667,0.117647058823529
0.333333333333333,0,3,0.38940586972083,2,0.285714285714286,4,2,1,1,0.885714285714286,3,2,7,4,2,0.279778830963665,0.642240513953022,1,2,12,3,4,1,0.15,2,2,0.15,4,0,0.294117647058824
0.833333333333333,0,3,0.0973514674302076,3,0,1,4,4,1,0.0571428571428571,3,2,8,1,3,0.388204318062138,0.217345914475005,7,1,20,4,4,0,0.45,2,4,0.35,7,0.533333333333333,0.588235294117647
0.380952380952381,0,3,0.926986399427344,2,0,5,2,2,2,0.171428571428571,3,1,7,4,2,0.0885729331226962,0.223489259184903,1,1,12,3,4,1,0.25,4,2,0.25,9,0.533333333333333,0.470588235294118
0.452380952380952,0,3,0.272011453113815,2,0.0714285714285714,3,5,3,2,0.0857142857142857,3,3,5,3,2,0.443654555028963,0.301626179482032,1,1,15,3,3,1,0.25,2,3,0.25,7,0.466666666666667,0.470588235294118
0.357142857142857,0,2,0.854688618468146,2,0.178571428571429,3,2,3,2,0,3,2,1,4,1,0.353659820958399,0.130134511142341,3,1,23,4,3,1,0.375,2,1,0.325,11,0.266666666666667,0.411764705882353
0.357142857142857,1,2,0.697208303507516,2,0.0714285714285714,3,2,1,2,0.571428571428571,3,1,7,1,3,0.1231700895208,0.04296326038948,1,2,11,3,1,0,0.25,3,3,0.25,8,0.6,0.411764705882353
0.404761904761905,0,1,0.44738725841088,2,0.0714285714285714,3,2,3,2,0.157142857142857,2,1,3,3,2,0.0143233280674039,0.594499096566954,1,1,18,3,3,2,0.025,3,3,0.025,0,0,0
0.452380952380952,0,3,0.80386542591267,2,0.321428571428571,2,2,4,2,0.714285714285714,4,1,7,4,3,0.193312269615587,0.527524593455129,3,1,17,3,1,0,0.1,2,3,0.025,0,0,0
0.380952380952381,0,3,0.959198282032928,2,0.285714285714286,3,4,4,1,0.228571428571429,2,3,1,2,3,0.400842548709847,0.624774141738607,1,1,14,3,2,0,0.225,3,4,0.2,7,0.466666666666667,0.411764705882353
0.142857142857143,1,3,0.423049391553329,3,0.0714285714285714,2,2,1,1,0.5,3,2,8,3,3,0.187888362295945,0.911102188315599,9,1,14,3,1,0,0.1,3,3,0.05,2,0.133333333333333,0
0.333333333333333,0,3,0.591982820329277,3,0.321428571428571,3,3,4,2,0.357142857142857,3,2,8,4,3,0.231016324381253,0.787351937361976,1,1,12,3,4,0,0.25,2,2,0.25,7,0,0.470588235294118
0.214285714285714,0,3,0.362204724409449,2,0,2,2,3,1,0.542857142857143,3,3,5,1,2,0.337177461822012,0.157197349929733,1,1,11,3,4,0,0.225,3,3,0.225,7,0,0.411764705882353
0.333333333333333,0,3,0.655690765926986,2,0.0714285714285714,2,2,3,1,0.128571428571429,3,3,6,4,3,0.534491837809373,0.693796426420398,3,1,15,3,4,0,0.25,6,3,0.175,7,0.466666666666667,0.411764705882353
0.547619047619048,0,3,0.232641374373658,1,0.321428571428571,4,1,2,2,0.614285714285714,2,5,4,4,1,0.954818325434439,0.271712507528609,3,1,15,3,2,3,0.575,2,2,0.525,6,0.8,0.352941176470588
0.547619047619048,0,3,0.151753758052971,1,0,3,1,4,2,0.414285714285714,2,5,4,3,2,0.957345971563981,0.701385264003212,1,1,12,3,2,1,0.55,3,3,0.55,7,0.133333333333333,0.588235294117647
0.619047619047619,0,1,0.199713672154617,2,0.821428571428571,3,4,1,2,0.271428571428571,1,1,3,3,3,0.142127435492364,0.000401525798032524,2,1,14,3,3,0,0.225,5,3,0.125,2,0.0666666666666667,0.235294117647059
0.285714285714286,0,3,0.285612025769506,3,0.928571428571429,5,3,3,2,0.985714285714286,3,2,8,4,1,0.226171669299631,0.930776952419193,7,1,23,4,4,1,0.25,2,2,0.2,7,0.466666666666667,0.411764705882353
0.595238095238095,0,2,0.481746599856836,3,0.5,3,2,4,2,0.242857142857143,2,2,8,4,2,0.305160610847815,0.866854045372415,3,1,18,3,3,1,0.175,5,3,0.05,2,0.133333333333333,0.117647058823529
0.119047619047619,0,3,0.39226914817466,2,0.285714285714286,1,4,2,2,0.1,3,1,3,1,2,0.0785150078988942,0.0903433045573178,1,1,14,3,4,1,0.125,2,4,0.1,3,0,0.117647058823529
0.261904761904762,0,3,0.70722977809592,3,0.321428571428571,3,3,4,2,0.757142857142857,3,1,9,2,1,0.0678251711427067,0.637341899217025,1,1,14,3,4,2,0.05,2,3,0.05,2,0.133333333333333,0.117647058823529
0.833333333333333,0,3,0.174659985683608,2,0.178571428571429,3,2,4,2,0.8,3,2,3,4,3,0.0758820431806214,0.354346516763702,2,1,17,3,4,0,0.475,4,3,0.05,2,0.133333333333333,0.117647058823529
0.80952380952381,0,3,0.371510379384395,3,0.0714285714285714,4,3,3,2,0.0142857142857143,2,4,4,1,2,0.834491837809373,0.320819112627986,1,1,11,3,1,0,0.85,3,4,0.85,6,0.0666666666666667,0.941176470588235
0.380952380952381,0,3,0.144595561918397,3,0.0357142857142857,3,5,4,2,0.428571428571429,3,2,8,4,3,0.277251184834123,0.666211604095563,1,1,22,4,3,0,0.15,5,3,0.15,5,0.0666666666666667,0.235294117647059
0.19047619047619,0,2,0.338582677165354,2,0,2,2,1,1,0.585714285714286,1,1,3,4,1,0.176671932596103,0.128247339891588,3,1,14,3,1,1,0.125,2,3,0.05,2,0.133333333333333,0
0.261904761904762,0,3,0.397279885468862,2,0.928571428571429,3,4,2,1,0.514285714285714,3,2,1,3,2,0.175144813059505,0.941778759285284,4,1,12,3,1,1,0.275,3,2,0.2,7,0.0666666666666667,0.0588235294117647
0.857142857142857,0,3,0.19613457408733,2,0.642857142857143,4,4,4,1,0.928571428571429,3,2,5,1,1,0.235703001579779,0.826179482031721,9,2,11,3,2,2,0.225,4,3,0.125,3,0.0666666666666667,0.235294117647059
0.476190476190476,0,2,0.0987831066571224,2,0.0357142857142857,4,2,1,1,0.642857142857143,4,2,5,1,3,0.261769352290679,0.963300542059827,6,2,12,3,4,0,0.425,2,3,0.375,7,0.266666666666667,0.705882352941177
0.404761904761905,0,3,0.201861130994989,3,0.25,4,2,1,1,0.6,3,1,9,4,2,0.0823064770932069,0.731700461754668,1,1,16,3,2,1,0.075,1,2,0.075,2,0,0.117647058823529
0.380952380952381,0,3,0.722261989978525,3,0.25,2,2,3,1,0.9,3,2,8,1,2,0.289152185360716,0.450150572174262,5,1,17,3,2,1,0.15,1,3,0.075,2,0.0666666666666667,0.117647058823529
0.142857142857143,0,1,0.708661417322835,2,0.285714285714286,3,2,3,2,0.428571428571429,2,1,3,2,1,0.0887309110057925,0.982011644248143,1,1,11,3,3,3,0.025,4,3,0.025,0,0,0
0.952380952380952,1,3,0.131710808876163,2,0.0357142857142857,4,2,4,2,0.0142857142857143,3,5,6,2,3,0.960347551342812,0.950291106203574,7,2,12,3,4,0,1,2,3,0.775,15,0.866666666666667,0.470588235294118
0.404761904761905,0,3,0.827487473156765,2,0,4,2,4,1,0.142857142857143,4,1,7,3,3,0.0788309636650869,0.449989961855049,3,1,13,3,3,0,0.175,0,3,0.05,2,0.133333333333333,0.117647058823529
0.571428571428571,0,3,0.594130279169649,2,0,2,2,4,1,0.185714285714286,2,2,5,4,2,0.266087414428647,0.0785785986749649,9,2,13,3,4,1,0.2,4,3,0.1,3,0,0.117647058823529
0.333333333333333,0,3,0.541875447387258,2,0.107142857142857,3,2,3,1,0.971428571428571,2,2,5,3,2,0.271353343865192,0.683798434049388,1,1,12,3,3,1,0.35,3,3,0.35,13,0.4,0.470588235294118
0.19047619047619,1,2,0.561918396564066,2,0.142857142857143,2,4,3,1,0.828571428571429,2,1,7,3,2,0.0714586624539231,0.755029110620357,1,2,14,3,1,1,0.2,2,3,0.2,7,0.0666666666666667,0.411764705882353
0.619047619047619,0,3,0.374373657838225,2,0.107142857142857,3,4,4,2,0.285714285714286,3,2,1,2,3,0.259294365455503,0.124593455129492,9,1,12,3,4,0,0.25,2,2,0.125,2,0.133333333333333,0.176470588235294
0.166666666666667,0,3,0.0558339298496779,2,0.0357142857142857,1,4,1,2,0.5,4,1,7,1,3,0.127172195892575,0.784501104195945,7,1,13,3,3,0,0.15,3,2,0.1,3,0,0.0588235294117647
0.428571428571429,0,3,0.59126700071582,3,0,2,2,2,2,0.371428571428571,3,2,8,4,2,0.273407056345445,0.029271230676571,1,2,14,3,4,1,0.45,1,2,0.45,14,0.266666666666667,0.647058823529412
0.285714285714286,0,2,0.651395848246242,2,0.142857142857143,4,2,2,2,0.642857142857143,2,1,7,4,1,0.144918378093734,0.0112025697651074,9,1,12,3,2,1,0.25,3,2,0.125,4,0,0.176470588235294
0.452380952380952,0,3,0.171796707229778,3,0.535714285714286,4,3,4,2,0.514285714285714,2,2,8,3,1,0.280410742496051,0.901987552700261,4,1,19,3,4,2,0.225,2,3,0.025,0,0,0
0.619047619047619,0,3,0.632784538296349,2,0.25,4,2,1,2,0.457142857142857,4,1,3,4,2,0.095260663507109,0.118450110419594,2,2,24,4,3,1,0.25,2,2,0.075,2,0,0.117647058823529
0.166666666666667,0,3,0.0279169649248389,3,0.0714285714285714,1,5,3,2,0.971428571428571,3,2,8,1,2,0.167719852553976,0.492632001606103,1,2,18,3,4,0,0.125,3,3,0.125,3,0,0.176470588235294
0.404761904761905,0,3,0.361488904795991,2,0.285714285714286,3,2,4,1,0.514285714285714,2,3,5,3,2,0.509531332280147,0.85777956233688,1,2,20,4,2,1,0.425,2,3,0.425,14,0.333333333333333,0.882352941176471
0.404761904761905,1,2,0.0200429491768074,2,0.857142857142857,4,2,4,1,0.942857142857143,3,1,7,2,1,0.0533438651922064,0.582935153583618,1,2,19,3,1,1,0.25,3,2,0.25,2,0.466666666666667,0.470588235294118
0.69047619047619,0,3,0.105225483178239,3,0.0357142857142857,2,3,3,1,0.0714285714285714,3,2,8,4,2,0.185781990521327,0.629953824533226,0,2,22,4,1,1,0.2,2,3,0.175,6,0.466666666666667,0.411764705882353
0.333333333333333,1,3,0.194702934860415,2,0.857142857142857,4,2,1,2,0.814285714285714,3,1,3,4,3,0.0940494997367035,0.639309375627384,1,2,24,4,3,0,0.025,2,1,0.025,0,0,0.0588235294117647
0.214285714285714,0,3,0.369362920544023,2,0.107142857142857,3,2,2,1,0.657142857142857,3,1,7,3,3,0.0689310163243813,0.630957639028308,1,1,19,3,3,0,0.025,2,3,0.025,1,0,0
0.333333333333333,0,1,0.774516821760916,2,0,3,2,3,1,0.571428571428571,2,1,3,2,2,0.0696682464454976,0.0754868500301144,6,1,20,4,3,0,0.125,3,3,0.075,0,0,0.117647058823529
0.0476190476190476,1,3,0.01932712956335,2,0.107142857142857,3,6,1,2,0.771428571428571,3,1,3,1,3,0.103422854133755,0.438225255972696,1,1,19,3,2,0,0.025,2,3,0.025,0,0,0
0.30952380952381,0,3,0.367931281317108,2,0.392857142857143,3,4,4,1,0.157142857142857,3,2,1,4,2,0.255186940494997,0.61333065649468,0,2,11,3,3,2,0.25,2,1,0.225,7,0.533333333333333,0.294117647058824
0.523809523809524,0,2,0.978525411596278,2,0.285714285714286,4,4,4,2,0.0714285714285714,3,1,7,2,1,0.137335439705108,0.922264605500903,8,2,14,3,4,1,0.075,2,3,0.025,1,0,0
0.523809523809524,1,1,0.985683607730852,3,0.821428571428571,3,2,2,1,1,4,4,8,2,3,0.641653501843075,0.601365187713311,4,2,16,3,4,0,0.55,2,2,0.025,0,0,0
0.357142857142857,0,1,0.443808160343593,3,0.571428571428571,3,2,4,2,0.114285714285714,3,4,4,3,3,0.865455502896261,0.738606705480827,1,1,11,3,4,0,0.25,2,3,0.25,8,0.4,0
0,0,1,0.132426628489621,2,0.142857142857143,2,2,2,2,0.614285714285714,3,1,7,4,3,0.00221169036334913,0.457699257177274,1,1,15,3,4,0,0,2,3,0,0,0,0
0.285714285714286,0,3,0.0365068002863278,2,0.25,2,2,2,1,0.614285714285714,4,3,6,1,2,0.548025276461295,0.630716723549488,0,2,12,3,3,3,0.225,4,2,0.2,7,0.0666666666666667,0.411764705882353
0.714285714285714,0,3,0.125268432355047,2,0.178571428571429,3,2,1,2,0.957142857142857,2,2,1,3,3,0.170142180094787,0.442682192330857,2,1,13,3,4,0,0.475,0,3,0.05,2,0.133333333333333,0.117647058823529
0.5,0,3,0.260558339298497,2,0,1,2,4,1,0.5,2,4,5,4,2,0.617851500789889,0.199397711302951,1,1,16,3,3,1,0.525,3,3,0.525,6,0.733333333333333,0.470588235294118
0.214285714285714,0,3,0.682176091624911,2,0.0357142857142857,4,2,1,1,0.242857142857143,3,2,5,4,2,0.169457609268036,0.102951214615539,0,1,18,3,2,1,0.1,2,3,0.075,2,0.133333333333333,0.117647058823529
0.80952380952381,1,3,0.117394416607015,3,0.0357142857142857,1,3,1,1,0.385714285714286,1,5,4,4,2,0.99189046866772,0.95370407548685,1,1,15,3,4,1,0.825,3,3,0.8,14,0.4,0.529411764705882
0.619047619047619,0,3,0.963493199713672,3,0.964285714285714,3,4,4,1,0.328571428571429,4,4,8,4,2,0.648288572933123,0.387191327042762,3,2,18,3,3,1,0.575,2,3,0.3,11,0.733333333333333,0.647058823529412
0.380952380952381,0,3,0.0816034359341446,3,0,4,3,2,2,0.642857142857143,4,2,8,4,1,0.45897840968931,0.408913872716322,0,1,11,3,4,1,0.4,2,2,0.375,1,0,0.529411764705882
0.380952380952381,0,3,0.88117394416607,3,0.321428571428571,4,2,3,1,0.814285714285714,3,1,9,3,2,0.0637704054765666,0.655129492069865,1,2,19,3,4,1,0.025,2,3,0.025,1,0,0
0.523809523809524,0,3,0.141732283464567,3,0.892857142857143,3,3,3,2,0.628571428571429,3,2,8,1,2,0.38899420747762,0.807990363380847,1,1,14,3,2,1,0.2,3,2,0.175,7,0.466666666666667,0.294117647058824
0.666666666666667,0,3,0.23478883321403,2,0,4,4,4,2,0.142857142857143,3,5,6,4,1,0.980410742496051,0.776992571772736,9,1,17,3,4,2,0.575,0,3,0.05,2,0.133333333333333,0.117647058823529
0.0714285714285714,1,3,0.881889763779528,2,0.321428571428571,3,2,3,1,0.0857142857142857,2,1,3,1,3,0.0214323328067404,0.608873720136519,1,1,13,3,1,0,0.025,6,2,0.025,0,0.0666666666666667,0
0.238095238095238,1,1,0.904795991410165,2,0.821428571428571,2,6,2,2,0.6,2,3,1,1,3,0.406161137440758,0.412005621361172,1,1,12,3,1,0,0.25,2,2,0.25,7,0.0666666666666667,0.529411764705882
0.547619047619048,0,3,0.291338582677165,2,0.214285714285714,2,6,2,1,0.185714285714286,4,1,7,3,2,0.124644549763033,0.673318610720739,1,1,13,3,3,0,0.25,3,3,0.25,6,0,0.470588235294118
0.523809523809524,0,3,0.994989262705798,2,0.678571428571429,4,6,1,2,0.442857142857143,3,3,1,4,2,0.490416008425487,0.981650271029914,4,1,20,4,4,1,0.35,6,3,0.275,10,0.733333333333333,0.0588235294117647
0.214285714285714,0,1,0.841088045812455,2,0.25,5,2,1,2,0.814285714285714,1,1,3,3,2,0.190205371248025,0.151575988757278,1,1,19,3,4,3,0.075,4,3,0.075,2,0.0666666666666667,0.117647058823529
0.238095238095238,0,3,0.540443808160344,2,0.321428571428571,3,5,3,1,0.414285714285714,3,2,7,3,3,0.139599789362823,0.233487251555912,3,1,13,3,4,0,0.25,4,4,0.2,7,0.0666666666666667,0.411764705882353
0.404761904761905,1,3,0.788833214030064,3,0.107142857142857,3,6,4,2,0.8,3,3,8,1,3,0.45144813059505,0.330817104998996,0,2,22,4,1,0,0.225,2,3,0.2,7,0.266666666666667,0.411764705882353
0.238095238095238,0,3,0.567644953471725,2,0.5,2,2,1,2,0.285714285714286,3,1,3,3,1,0.0630858346498157,0.818630797028709,1,1,16,3,4,1,0.1,5,2,0.1,2,0.133333333333333,0.117647058823529
0.452380952380952,0,3,0.148174659985684,3,0.321428571428571,4,2,4,1,0.828571428571429,2,2,8,4,1,0.299368088467615,0.888536438466171,2,2,14,3,3,3,0.2,5,3,0.025,0,0,0
0.19047619047619,1,3,0.879026485325698,2,0.714285714285714,3,4,1,2,0.1,3,1,3,3,1,0.0720379146919431,0.693796426420398,1,1,20,4,3,1,0.025,0,2,0.025,1,0,0
0.666666666666667,0,3,0.217609162491052,3,0.0714285714285714,1,3,1,2,0.314285714285714,3,4,4,3,2,0.866561348077936,0.542140132503513,3,1,12,3,4,1,0.575,3,3,0.3,9,0.266666666666667,0.529411764705882
0.595238095238095,0,2,0.701503221188261,2,0.928571428571429,3,2,3,1,0.757142857142857,3,3,5,1,2,0.516640337019484,0.379080505922506,8,1,11,3,3,1,0.45,1,3,0.2,7,0,0.0588235294117647
0.404761904761905,0,2,0.773085182534001,3,0.357142857142857,2,3,4,2,0.342857142857143,3,2,8,4,1,0.208478146392838,0.658743224252158,1,1,11,3,4,1,0.125,3,3,0.125,2,0,0.117647058823529
0.380952380952381,0,2,0.644953471725125,2,0.0357142857142857,2,2,4,2,0.928571428571429,3,2,5,3,3,0.159241706161137,0.551696446496687,2,1,11,3,4,0,0.125,3,2,0.075,2,0,0.117647058823529
0.571428571428571,0,3,0.0615604867573371,2,1,3,4,2,2,0.371428571428571,1,2,3,4,3,0.171827277514481,0.299698855651476,4,1,19,3,1,0,0.4,3,3,0.025,0,0,0
0.452380952380952,0,3,0.189692197566213,2,0.857142857142857,2,4,3,1,0.314285714285714,2,2,1,4,1,0.248657187993681,0.605380445693636,7,1,13,3,3,2,0.225,2,3,0.15,2,0.0666666666666667,0.176470588235294
0.214285714285714,0,3,0.0694345025053686,2,0.178571428571429,3,2,4,2,0.357142857142857,2,1,7,3,2,0.0805687203791469,0.235133507327846,1,1,13,3,3,1,0.1,0,3,0.1,2,0.133333333333333,0.117647058823529
0.404761904761905,0,3,0.304939155332856,1,0.25,4,6,3,2,1,3,1,2,3,3,0.17451290152712,0.201325035133507,1,1,17,3,2,0,0.15,2,1,0.125,4,0.0666666666666667,0.235294117647059
0.19047619047619,0,3,0.917680744452398,2,0.0714285714285714,4,4,1,2,0.742857142857143,4,1,3,4,2,0.179620853080569,0.454808271431439,1,1,22,4,2,1,0.2,2,3,0.2,7,0,0.411764705882353
0.285714285714286,0,3,0.536864710093057,3,0.321428571428571,3,3,3,2,0.6,2,2,8,3,2,0.293259610321222,0.0245733788395904,1,1,18,3,1,1,0.25,3,3,0.25,3,0.0666666666666667,0.235294117647059
0.404761904761905,0,2,0.382247673586256,2,0.107142857142857,4,5,4,2,0.242857142857143,2,1,3,4,2,0.0719852553975777,0.981449508130897,1,1,13,3,2,1,0.05,2,4,0.05,2,0.133333333333333,0.117647058823529
0.904761904761905,0,3,0.440944881889764,2,0.107142857142857,4,6,4,1,0.885714285714286,3,5,4,1,1,0.997051079515535,0.661754667737402,4,1,13,3,4,1,0.7,2,3,0.125,2,0.266666666666667,0.117647058823529
0.261904761904762,0,3,0.929849677881174,2,0.178571428571429,1,4,2,1,0.342857142857143,3,1,3,4,2,0.111743022643497,0.973619755069263,1,1,13,3,1,1,0.25,5,3,0.25,8,0,0.470588235294118
0.357142857142857,0,2,0.747315676449535,3,0.857142857142857,3,4,2,1,0.742857142857143,3,2,8,3,2,0.185887309110058,0.112868901826942,1,1,12,3,1,1,0.25,3,2,0.25,7,0,0.0588235294117647
0.285714285714286,0,3,0.537580529706514,2,0.214285714285714,4,2,3,2,0.271428571428571,3,2,3,3,1,0.130700368615061,0.37000602288697,1,1,13,3,1,3,0.25,4,2,0.25,7,0.533333333333333,0.529411764705882
0.619047619047619,0,3,0.0701503221188261,2,1,4,5,4,2,0.0285714285714286,3,2,7,4,3,0.185992627698789,0.226862075888376,1,1,25,4,2,0,0.5,3,3,0.5,11,0.866666666666667,1
0.166666666666667,0,3,0.897637795275591,3,0.321428571428571,4,2,3,2,0.385714285714286,3,2,8,4,3,0.20753027909426,0.743987151174463,0,1,14,3,2,0,0.125,4,3,0.1,3,0.0666666666666667,0.0588235294117647
0.285714285714286,0,3,0.975662133142448,2,0,3,4,4,2,0.471428571428571,3,1,7,2,2,0.135334386519221,0.292110018068661,0,2,21,4,1,1,0.3,2,3,0.275,9,0.333333333333333,0.411764705882353
0.714285714285714,0,3,0.620615604867573,2,0.0357142857142857,2,6,4,2,0.657142857142857,4,1,3,2,3,0.081621906266456,0.583256374222044,5,1,11,3,3,0,0.175,4,2,0.025,0,0,0
0.214285714285714,0,3,0.76234788833214,2,0.107142857142857,2,2,1,2,0.657142857142857,3,1,7,3,1,0.0794102159031069,0.0447299739008231,1,1,11,3,2,3,0.125,2,3,0.125,3,0,0.176470588235294
0.261904761904762,0,3,0.423765211166786,2,0,3,2,4,1,0.814285714285714,2,4,6,4,1,0.79594523433386,0.0533627785585224,3,1,14,3,2,2,0.225,2,2,0.175,7,0.0666666666666667,0.411764705882353
0.119047619047619,0,3,0.193987115246958,2,0,2,2,4,2,0.242857142857143,3,1,7,3,2,0.0112690889942075,0.594539249146758,1,1,22,4,4,1,0.025,2,3,0.025,0,0,0.0588235294117647
0.0714285714285714,1,2,0.106657122405154,2,0.321428571428571,2,2,1,1,0.214285714285714,2,1,3,3,3,0.0850974196945761,0.9321019875527,1,1,20,4,3,0,0.05,2,1,0.05,2,0.133333333333333,0.117647058823529
0.380952380952381,0,2,0.390837508947745,1,0.357142857142857,3,2,3,2,0.371428571428571,2,2,2,2,2,0.183307003686151,0.792571772736398,4,1,11,3,4,2,0.35,5,4,0.25,9,0.0666666666666667,0.470588235294118
0.404761904761905,0,3,0.45311381531854,2,0.178571428571429,1,2,3,2,0.514285714285714,3,1,7,3,2,0.131490258030542,0.157639028307569,0,2,14,3,4,0,0.1,3,3,0.075,2,0.133333333333333,0.117647058823529
0.619047619047619,1,3,0.371510379384395,2,0.5,3,4,1,1,0.614285714285714,3,3,1,4,2,0.366982622432859,0.481068058622767,1,1,11,3,4,1,0.25,2,3,0.25,7,0,0.294117647058824
0.238095238095238,0,2,0.0651395848246242,2,0.0357142857142857,3,2,4,2,0.314285714285714,2,1,3,4,2,0.150500263296472,0.486970487853845,1,2,12,3,2,1,0.05,2,3,0.05,2,0.133333333333333,0.117647058823529
0.642857142857143,0,2,0.187544738725841,2,0.857142857142857,3,4,2,1,0.757142857142857,3,5,4,2,3,0.897946287519747,0.439309375627384,3,1,22,4,3,0,0.55,4,3,0,0,0,0
0.952380952380952,0,3,0.534001431639227,2,0.785714285714286,4,2,1,2,0.828571428571429,3,1,7,3,1,0.0717746182201159,0.962939168841598,1,1,12,3,4,2,0.05,3,3,0.05,2,0.133333333333333,0.117647058823529
0.285714285714286,0,3,0.741589119541875,2,0.178571428571429,3,6,1,1,0.257142857142857,2,2,3,4,2,0.190521327014218,0.864766111222646,0,1,12,3,1,1,0.25,6,3,0.225,2,0.4,0.411764705882353
0.523809523809524,1,3,0.14101646385111,3,0.857142857142857,4,3,4,2,0.385714285714286,2,3,8,2,3,0.425750394944708,0.607950210801044,2,2,12,3,3,0,0.225,2,3,0.125,4,0.0666666666666667,0
0.547619047619048,0,1,0.110236220472441,3,0.321428571428571,2,4,3,2,0.142857142857143,1,2,8,2,3,0.270774091627172,0.802248544468982,1,1,13,3,1,0,0.475,4,3,0.475,2,0.733333333333333,0.529411764705882
0.523809523809524,0,3,0.301360057265569,2,0.0357142857142857,3,2,3,2,0.971428571428571,3,2,7,4,3,0.192311743022644,0.817546677374021,1,1,13,3,3,0,0.225,4,3,0.225,8,0.533333333333333,0.470588235294118
0.476190476190476,0,3,0.64924838940587,3,0.0357142857142857,2,2,2,1,0.0142857142857143,3,2,8,1,1,0.30984728804634,0.697329853443084,3,1,15,3,4,1,0.275,3,3,0.175,7,0.0666666666666667,0.411764705882353
0.785714285714286,0,3,0.932712956335004,2,0.357142857142857,2,6,4,1,0.742857142857143,2,4,5,2,3,0.638915218536072,0.897209395703674,3,1,16,3,2,0,0.725,1,2,0.125,2,0,0.176470588235294
0,0,1,0.731567644953472,2,0,3,2,4,1,0.957142857142857,3,1,3,4,3,0.0317008952080042,0.691066050993776,1,1,15,3,3,0,0,5,4,0,0,0,0
0.523809523809524,0,3,0.78740157480315,2,0.0357142857142857,1,4,2,1,0.842857142857143,4,2,1,3,1,0.282675092153765,0.473559526199558,5,1,20,4,2,3,0.375,0,3,0.3,11,0.733333333333333,0.470588235294118
0.380952380952381,0,3,0.130994989262706,2,1,3,4,2,2,0.8,3,2,3,3,2,0.232754081095313,0.618229271230677,4,1,13,3,1,2,0.25,1,3,0.2,7,0.466666666666667,0.411764705882353
0.476190476190476,0,2,0.423049391553329,2,0.214285714285714,3,2,4,2,0.385714285714286,4,1,7,3,1,0.0843075302790943,0.548243324633608,1,1,11,3,4,3,0.1,2,3,0.1,2,0,0.176470588235294
0.30952380952381,1,3,0.163206871868289,2,0.75,4,4,4,2,0.971428571428571,3,2,5,3,2,0.272248551869405,0.761413370809074,1,2,15,3,4,2,0.25,3,2,0.25,2,0.4,0.411764705882353
0.333333333333333,0,3,0.284180386542591,3,0.0357142857142857,1,3,3,2,0.0857142857142857,3,2,8,2,2,0.161611374407583,0.738927926119253,0,2,13,3,1,3,0.1,3,2,0.075,2,0.0666666666666667,0.117647058823529
0.404761904761905,0,2,0.0701503221188261,2,0.607142857142857,2,2,3,2,0.428571428571429,3,3,5,4,3,0.43986308583465,0.716723549488055,2,1,11,3,3,0,0.25,2,3,0.05,2,0.133333333333333,0.117647058823529
0.261904761904762,0,3,0.164638511095204,1,0.571428571428571,3,5,2,2,0.3,2,3,2,1,3,0.367509215376514,0.308171049989962,1,1,13,3,1,0,0.25,3,2,0.25,9,0,0.529411764705882
0.952380952380952,0,3,0.682176091624911,2,0,3,4,4,1,0.657142857142857,3,5,6,1,2,0.984307530279094,0.817586829953824,3,2,21,4,3,1,0.8,3,3,0.225,8,0.0666666666666667,0.294117647058824
0.880952380952381,0,3,0.740157480314961,2,0,4,4,2,2,0.728571428571429,4,4,6,4,1,0.722643496577146,0.414374623569564,2,1,13,3,4,2,0.775,4,4,0.175,7,0,0
0.428571428571429,0,3,0.0501073729420186,2,0.107142857142857,4,2,1,2,0.1,2,2,3,4,3,0.252817272248552,0.823529411764706,1,1,16,3,3,0,0.25,2,2,0.25,4,0.0666666666666667,0.470588235294118
0.428571428571429,0,3,0.162491052254832,3,0.535714285714286,4,3,3,1,0.971428571428571,2,2,8,1,2,0.244233807266983,0.457739409757077,4,1,13,3,1,2,0.275,3,2,0.075,2,0,0.117647058823529
0.69047619047619,0,3,0.259842519685039,2,0,3,6,1,2,0.628571428571429,3,1,7,4,2,0.126961558715113,0.32567757478418,7,1,12,3,3,1,0.425,2,2,0.15,5,0.0666666666666667,0.117647058823529
0.30952380952381,1,2,0.301360057265569,2,0.0357142857142857,3,2,2,2,0.914285714285714,3,1,3,4,2,0.142864665613481,0.762377032724353,6,2,13,3,3,1,0.175,2,1,0.05,2,0.133333333333333,0.117647058823529
0.642857142857143,0,3,0.963493199713672,2,1,3,6,2,2,0.357142857142857,3,3,5,4,2,0.440810953133228,0.506966472595864,4,2,18,3,4,2,0.25,4,4,0.075,1,0.0666666666666667,0.117647058823529
0.619047619047619,0,1,0.629205440229062,2,0.142857142857143,3,2,3,2,0.857142857142857,2,1,3,3,3,0.113375460768826,0.236057016663321,3,1,14,3,4,0,0.175,5,3,0.125,2,0,0.176470588235294
0.619047619047619,0,2,0.201145311381532,3,0,5,3,1,1,0.7,3,2,8,3,2,0.197946287519747,0.288616743625778,7,1,12,3,3,1,0.275,4,2,0.025,0,0,0
0.285714285714286,0,1,0.635647816750179,2,0.214285714285714,3,6,3,2,0.485714285714286,3,1,7,3,1,0.0139547130068457,0.20309174864485,1,1,13,3,2,2,0.025,2,2,0.025,0,0,0
0.380952380952381,0,2,0.520400858983536,2,0.5,3,4,2,2,0.585714285714286,3,4,6,1,1,0.842443391258557,0.394900622364987,7,1,14,3,4,2,0.4,3,2,0.35,8,0.4,0.529411764705882
0.261904761904762,0,3,0.818897637795276,3,0.642857142857143,3,2,3,2,0.671428571428571,2,2,8,3,1,0.400789889415482,0.869825336277856,1,1,14,3,3,2,0.25,3,3,0.25,7,0,0.235294117647059
0.261904761904762,0,2,0.220472440944882,2,0.0357142857142857,1,2,4,1,0.957142857142857,3,1,3,2,2,0.114323328067404,0.103352740413572,0,1,13,3,3,3,0.1,3,3,0.075,2,0,0.117647058823529
0.5,0,3,0.706513958482462,2,0.178571428571429,3,2,2,1,0.0285714285714286,3,3,5,2,3,0.387941021590311,0.283316603091749,4,1,18,3,4,0,0.225,3,3,0.05,0,0.133333333333333,0.117647058823529
0.404761904761905,0,3,0.663564781675018,2,0.535714285714286,3,2,4,1,0.871428571428571,2,3,1,2,3,0.400052659294365,0.766954426821923,1,1,19,3,4,0,0.275,3,1,0.275,8,0.2,0.176470588235294
0.404761904761905,0,3,0.930565497494631,3,0.964285714285714,4,2,2,1,0.971428571428571,2,1,9,3,2,0.0748288572933123,0.968078699056414,0,1,23,4,1,2,0.15,5,3,0.125,3,0.266666666666667,0.117647058823529
0.428571428571429,0,3,0.755189692197566,3,0.0357142857142857,4,2,3,2,0.571428571428571,3,1,9,4,3,0.0860979462875198,0.598554507127083,3,2,21,4,4,0,0.175,3,2,0.075,2,0.0666666666666667,0.117647058823529
0.714285714285714,0,3,0.279169649248389,3,0.535714285714286,4,2,3,1,0.942857142857143,3,2,8,3,1,0.285939968404423,0.465729773137924,8,1,14,3,3,1,0.45,2,3,0.2,7,0.466666666666667,0.411764705882353
0.404761904761905,0,3,0.637079455977094,2,0,3,4,4,2,0.542857142857143,2,1,3,1,3,0.0758820431806214,0.788476209596467,1,1,19,3,2,0,0.075,3,3,0.075,0,0.0666666666666667,0.117647058823529
0.285714285714286,0,3,0.848962061560487,3,1,4,6,3,2,0.0428571428571429,3,3,8,2,2,0.433965244865719,0.630596265810078,3,1,12,3,2,1,0.225,3,3,0.1,2,0.0666666666666667,0.176470588235294
0.380952380952381,0,3,0.269863994273443,2,0.214285714285714,4,4,1,2,0.0714285714285714,3,1,7,4,3,0.103370194839389,0.80172656093154,1,1,13,3,3,0,0.025,4,1,0.025,0,0,0
0.5,0,3,0.973514674302076,3,0.178571428571429,3,4,4,2,0.114285714285714,4,3,8,3,2,0.380621379673512,0.102951214615539,2,1,11,3,1,1,0.275,3,3,0.175,6,0.466666666666667,0.352941176470588
0.261904761904762,0,2,0.639226914817466,2,0.0357142857142857,1,2,1,2,0.814285714285714,3,2,1,4,1,0.413059505002633,0.898976109215017,1,1,19,3,4,1,0.15,0,4,0.15,4,0.0666666666666667,0.176470588235294
0.119047619047619,0,3,0.626342161775233,2,0.321428571428571,3,6,4,2,0.214285714285714,4,1,7,3,2,0.0560294892048447,0.430917486448504,2,1,16,3,4,1,0.1,2,3,0.05,2,0.133333333333333,0.117647058823529
0.571428571428571,0,3,0.68503937007874,2,0.285714285714286,2,5,4,2,0.9,2,5,4,4,3,0.979673512374934,0.974422806665328,8,1,22,4,4,0,0.6,2,3,0.025,0,0,0.0588235294117647
0.523809523809524,0,3,0.0114531138153185,3,0.464285714285714,2,2,4,1,0.771428571428571,3,2,8,1,2,0.191153238546603,0.368118851636218,1,1,15,3,3,1,0.125,2,3,0.125,4,0.0666666666666667,0.117647058823529
0.0952380952380952,0,1,0.25411596277738,2,0.892857142857143,2,5,2,1,0.785714285714286,2,1,7,3,2,0.0950500263296472,0.329211001806866,1,2,14,3,2,0,0.1,2,2,0.1,2,0.0666666666666667,0.176470588235294
0.380952380952381,0,2,0.2319255547602,2,0.321428571428571,4,2,3,2,0.171428571428571,4,2,5,4,1,0.195629278567667,0.59851435454728,1,1,13,3,1,1,0.225,3,3,0.225,7,0.466666666666667,0.117647058823529
0.5,0,3,0.91982820329277,2,0.321428571428571,5,4,2,2,0.657142857142857,3,2,5,1,2,0.23001579778831,0.0699056414374624,2,1,13,3,4,3,0.25,3,3,0.175,7,0.466666666666667,0.411764705882353
0.404761904761905,0,3,0.513242662848962,2,0.607142857142857,5,2,2,2,0.257142857142857,4,2,7,1,2,0.221116377040548,0.972415177675166,1,1,11,3,4,0,0.4,2,3,0.4,15,0.0666666666666667,0.588235294117647
0,1,2,0.316392269148175,3,0.0714285714285714,2,4,2,1,0.571428571428571,3,1,9,4,3,0.0294892048446551,0.655531017867898,1,2,12,3,3,0,0,2,4,0,0,0,0
0.5,0,3,0.0486757337151038,2,0.0714285714285714,2,4,3,2,0.657142857142857,2,2,3,3,1,0.108478146392838,0.329572375025095,0,1,15,3,4,1,0.275,3,3,0.25,8,0,0.411764705882353
0.452380952380952,0,3,0.407301360057266,2,0.642857142857143,3,2,3,2,0.785714285714286,3,2,5,3,2,0.250605581885203,0.979682794619554,3,1,17,3,1,3,0.225,2,2,0.1,3,0,0.117647058823529
0.523809523809524,0,3,0.247673586256263,2,0.535714285714286,3,2,3,1,0.771428571428571,3,3,5,4,3,0.365244865718799,0.716884159807268,6,2,15,3,4,0,0.45,2,2,0.1,2,0.2,0.176470588235294
0.714285714285714,0,2,0.188260558339299,2,0.107142857142857,5,4,3,2,0.842857142857143,2,4,4,4,2,0.74739336492891,0.140855249949809,2,1,25,4,2,1,0.575,3,3,0.05,2,0.133333333333333,0.117647058823529
0.261904761904762,0,3,0.262705798138869,3,0.321428571428571,3,4,3,2,0.171428571428571,2,2,8,3,3,0.255924170616114,0.856012848825537,9,1,11,3,3,0,0.2,2,3,0.125,2,0.0666666666666667,0.235294117647059
0.166666666666667,0,2,0.479599141016464,2,0.0357142857142857,1,2,4,2,0.671428571428571,4,2,5,3,1,0.221011058451817,0.115599277253564,1,1,17,3,3,2,0.175,6,3,0.175,7,0,0.411764705882353
0.738095238095238,0,3,0.142448103078024,2,0.75,4,5,1,1,0.6,3,4,6,2,2,0.811163770405477,0.0563742220437663,3,1,16,3,2,2,0.675,2,3,0.1,2,0.0666666666666667,0.117647058823529
0.761904761904762,0,3,0.508947745168218,2,0.571428571428571,5,2,4,1,0.285714285714286,2,3,6,1,1,0.645602948920484,0.79851435454728,5,1,15,3,3,3,0.475,3,3,0.35,11,0.0666666666666667,0.647058823529412
0.428571428571429,0,3,0.149606299212598,2,0.214285714285714,3,2,1,2,0.671428571428571,3,1,3,2,3,0.0528699315429173,0.355591246737603,2,1,11,3,3,0,0.375,4,3,0.1,3,0.0666666666666667,0.176470588235294
0.738095238095238,0,3,0.259842519685039,2,0.178571428571429,1,2,3,1,0.157142857142857,2,4,1,3,2,0.682306477093207,0.383778357759486,2,2,19,3,2,1,0.75,3,3,0.375,11,0.133333333333333,0.705882352941177
0.428571428571429,0,1,0.566929133858268,2,0,4,4,4,1,0.0428571428571429,2,2,5,3,2,0.177198525539758,0.534711905239912,0,1,15,3,3,0,0.1,6,3,0.075,2,0.0666666666666667,0.117647058823529
0.428571428571429,0,3,0.671438797423049,2,0.0714285714285714,2,2,4,2,0.7,4,2,1,1,1,0.307161664033702,0.972254567355953,6,1,20,4,1,1,0.325,3,3,0.125,4,0,0.235294117647059
0.69047619047619,0,3,0.80386542591267,3,0.0357142857142857,4,2,2,1,0.242857142857143,4,4,4,2,1,0.787941021590311,0.762577795623369,6,1,14,3,3,3,0.725,2,3,0.075,2,0.0666666666666667,0.117647058823529
0.738095238095238,0,3,0.506084466714388,2,0,3,2,3,2,0.0857142857142857,3,4,4,3,3,0.756714060031596,0.81469584420799,4,1,14,3,1,0,0.575,2,3,0.2,7,0,0
0.357142857142857,0,1,0.306370794559771,3,0.535714285714286,3,2,3,1,0.0857142857142857,3,2,8,4,1,0.229541864139021,0.56358161011845,1,2,25,4,3,1,0.175,2,3,0.15,5,0.0666666666666667,0.117647058823529
0.428571428571429,0,3,0.894058697208304,2,0.892857142857143,4,2,1,2,0.714285714285714,3,2,1,3,2,0.228436018957346,0.213812487452319,6,1,14,3,2,2,0.25,2,2,0.075,2,0,0.117647058823529
1,0,3,0.191839656406586,2,0,4,4,3,2,0.885714285714286,1,3,1,4,1,0.519957872564508,0.737723348725156,3,1,20,4,3,1,0.475,2,4,0.025,0,0,0
0.452380952380952,0,2,0.841803865425913,3,0,4,4,3,2,0.0142857142857143,1,2,8,4,1,0.448446550816219,0.224171853041558,1,1,14,3,3,2,0.15,2,2,0.15,3,0.0666666666666667,0.176470588235294
0.428571428571429,0,3,0.306370794559771,3,0.0357142857142857,4,2,3,1,0.3,3,2,9,4,3,0.183938915218536,0.214615539048384,3,1,15,3,3,0,0.425,2,2,0.325,7,0.4,0.411764705882353
0.69047619047619,1,2,0.709377236936292,3,0.285714285714286,3,2,3,2,0.742857142857143,1,4,8,3,2,0.628067403896788,0.88616743625778,7,1,11,3,3,0,0.625,3,1,0.575,5,0.933333333333333,0.588235294117647
0.19047619047619,0,3,0.206156048675734,2,0.571428571428571,4,4,4,2,0.457142857142857,1,1,3,3,2,0.0682464454976303,0.165549086528809,1,1,15,3,3,3,0.075,3,4,0.075,2,0,0.117647058823529
0.642857142857143,0,3,0.64638511095204,2,0.964285714285714,2,6,4,1,0.257142857142857,2,4,6,2,3,0.826487625065824,0.603292511543867,1,1,11,3,3,0,0.525,2,3,0.525,6,0.533333333333333,0.352941176470588
0.142857142857143,0,3,0.289191123836793,2,1,1,4,2,2,0.871428571428571,3,1,3,1,1,0.15260663507109,0.0613531419393696,1,1,13,3,2,3,0.15,2,4,0.15,2,0.0666666666666667,0.117647058823529
0.285714285714286,0,3,0.494631352899069,2,0.535714285714286,1,2,2,2,0.0428571428571429,3,1,7,4,2,0.0975776724591891,0.0689419795221843,1,1,12,3,2,1,0.25,2,2,0.25,0,0,0.470588235294118
0.666666666666667,0,3,0.841088045812455,3,0.0357142857142857,3,2,3,2,0.628571428571429,3,3,8,4,1,0.492838335966298,0.14061433447099,4,2,12,3,2,1,0.325,5,2,0.25,6,0,0.176470588235294
0.428571428571429,1,3,0.969219756621331,3,0.428571428571429,5,3,2,2,0.942857142857143,2,2,8,1,1,0.269878883622959,0.263561533828548,5,2,13,3,2,3,0.4,3,3,0.05,2,0.133333333333333,0.117647058823529
0.30952380952381,0,2,0.0436649964209019,2,0.821428571428571,1,6,4,1,0,3,2,5,4,3,0.222696155871511,0.183738205179683,2,1,20,4,4,0,0.225,3,2,0.125,4,0.0666666666666667,0.235294117647059
0.642857142857143,0,3,0.0529706513958482,1,0.107142857142857,3,2,3,1,0.371428571428571,1,3,2,3,2,0.460610847814639,0.180726761694439,4,1,21,4,3,2,0.225,2,4,0.125,0,0,0.176470588235294
0.285714285714286,0,3,0.145311381531854,2,0.535714285714286,3,2,3,2,0.4,4,2,1,3,2,0.225645076355977,0.282433246336077,3,1,16,3,3,1,0.25,3,3,0.175,0,0.0666666666666667,0.411764705882353
0.30952380952381,0,3,0.0672870436649964,3,1,4,3,1,1,0.871428571428571,2,2,8,4,2,0.234807793575566,0.454045372415178,1,1,14,3,1,2,0.325,3,3,0.3,7,0.333333333333333,0.411764705882353
0.785714285714286,0,3,0.601288475304223,2,0.0714285714285714,3,6,1,1,0.328571428571429,3,3,4,3,2,0.63754607688257,0.838787392089942,2,1,11,3,4,0,0.375,2,3,0.05,2,0.133333333333333,0.117647058823529
0.452380952380952,0,3,0.348604151753758,3,0.285714285714286,2,3,2,2,0.228571428571429,2,2,8,2,2,0.167456556082148,0.26926320016061,1,1,14,3,1,2,0.125,2,3,0.125,2,0,0.176470588235294
0.666666666666667,0,3,0.452397995705082,2,0.0357142857142857,4,4,3,2,0.228571428571429,3,5,6,4,1,0.964665613480779,0.486809877534632,7,2,17,3,3,1,0.6,3,3,0.05,1,0.133333333333333,0.117647058823529
0.428571428571429,0,3,0.916964924838941,2,0.321428571428571,3,2,4,2,0.857142857142857,3,3,1,1,2,0.385044760400211,0.957839791206585,7,2,13,3,4,1,0.375,1,3,0.3,8,0.333333333333333,0.411764705882353
0.619047619047619,1,2,0.234073013600573,2,0,2,4,3,2,0.985714285714286,3,1,7,2,1,0.0701948393891522,0.361292913069665,1,2,12,3,3,3,0.15,2,2,0.125,3,0.133333333333333,0.176470588235294
0.523809523809524,0,3,0.367931281317108,2,0.0357142857142857,2,2,3,1,0.985714285714286,3,1,3,1,2,0.124697209057399,0.944027303754266,4,1,17,3,4,1,0.175,5,2,0.1,3,0,0.117647058823529
0.380952380952381,1,2,0.094488188976378,2,0.285714285714286,4,2,4,2,0.9,3,2,3,1,2,0.228383359662981,0.16518771331058,4,1,17,3,3,1,0.275,3,2,0.175,1,0,0.411764705882353
0.452380952380952,1,3,0.191839656406586,2,0.321428571428571,4,4,4,2,0.4,3,2,5,1,3,0.168720379146919,0.116362176269825,1,1,15,3,2,0,0.25,4,1,0.25,3,0,0.470588235294118
0.547619047619048,0,3,0.246957766642806,2,0.142857142857143,3,2,2,2,0.785714285714286,4,2,1,2,3,0.308636124275935,0.539490062236499,3,1,12,3,1,0,0.275,3,1,0.075,2,0.0666666666666667,0.117647058823529
0.523809523809524,0,3,0.463851109520401,2,0.392857142857143,3,2,2,1,0.242857142857143,3,2,1,1,1,0.181095313322801,0.347480425617346,2,1,12,3,2,1,0.375,3,3,0.175,4,0.466666666666667,0.411764705882353
0.857142857142857,0,3,0.235504652827487,2,0.214285714285714,4,4,4,1,0.542857142857143,3,2,7,4,2,0.307793575566087,0.546155390483839,4,1,15,3,2,1,0.35,2,2,0.175,1,0.0666666666666667,0.411764705882353
0.238095238095238,0,3,0.798138869005011,2,0,3,4,3,1,0.528571428571429,3,1,7,1,2,0.135966298051606,0.426621160409556,1,1,25,4,3,1,0.075,3,3,0.075,2,0.0666666666666667,0.117647058823529
0.214285714285714,0,2,0.855404438081603,2,0.142857142857143,2,2,4,1,0.328571428571429,3,1,3,4,3,0.072143233280674,0.711985545071271,0,2,14,3,3,0,0.15,3,2,0.125,4,0,0.117647058823529
0.261904761904762,0,2,0.337866857551897,2,0.678571428571429,1,4,4,2,0.142857142857143,3,1,3,4,2,0.147604002106372,0.197109014254166,1,1,13,3,2,0,0.275,3,4,0.275,8,0.2,0.588235294117647
0.333333333333333,0,2,0.870436649964209,3,0.321428571428571,4,3,4,2,0.7,3,2,8,4,3,0.191627172195893,0.962899016261795,8,1,13,3,3,0,0.1,2,4,0,0,0,0
0.666666666666667,0,3,0.871152469577666,3,0.0714285714285714,3,6,1,1,0.214285714285714,4,4,8,1,1,0.643285939968404,0.22666131298936,2,1,12,3,4,1,0.625,5,3,0.475,17,0.133333333333333,0.470588235294118
0.261904761904762,0,3,0.178954903364352,1,0.178571428571429,1,4,4,2,0.814285714285714,2,1,2,2,2,0.0945234333859926,0.535635414575386,1,1,11,3,4,0,0.025,3,3,0.025,0,0,0
0.714285714285714,0,3,0.803149606299213,2,0.321428571428571,3,2,4,2,0.871428571428571,2,5,6,2,2,0.982411795681938,0.461312989359566,4,1,12,3,4,0,0.725,3,3,0.55,10,0.8,0.529411764705882
0.666666666666667,1,3,0.824624194702935,3,0.321428571428571,3,2,3,1,0.485714285714286,3,3,8,2,2,0.332016850974197,0.478498293515358,5,1,21,4,3,3,0.35,2,3,0.2,7,0,0.411764705882353
0.428571428571429,0,3,0.833214030064424,3,0.321428571428571,4,6,2,1,0.471428571428571,2,2,8,3,2,0.245602948920484,0.159245131499699,1,2,13,3,1,1,0.25,4,3,0.25,9,0.0666666666666667,0.411764705882353
0.404761904761905,0,3,0.0837508947745168,2,0.535714285714286,2,5,4,1,0.2,2,2,5,2,2,0.198999473407056,0.93531419393696,0,2,11,3,4,0,0.1,2,3,0.075,2,0,0.117647058823529
0.19047619047619,0,3,0.272011453113815,2,0,2,2,2,1,0.857142857142857,2,1,7,3,2,0.101316482359136,0.514515157598876,1,2,13,3,3,1,0.025,3,2,0.025,0,0.0666666666666667,0
0.214285714285714,0,3,0.29277022190408,3,0.0357142857142857,2,4,1,1,0.842857142857143,4,2,8,3,3,0.289152185360716,0.999919694840393,0,1,14,3,2,0,0.225,5,2,0.2,7,0,0.411764705882353
0.714285714285714,0,2,0.0107372942018611,2,0.75,3,4,4,1,0.4,3,4,4,4,1,0.851237493417588,0.0137723348725156,3,1,11,3,2,1,0.6,3,3,0.55,17,0.266666666666667,0.411764705882353
0.619047619047619,0,3,0.0486757337151038,2,0,4,2,2,2,0.685714285714286,4,2,1,1,2,0.211901000526593,0.291909255169645,2,1,15,3,4,1,0.25,5,3,0.05,0,0.133333333333333,0.117647058823529
0.30952380952381,0,3,0.699355762347888,3,0.321428571428571,2,4,3,1,0.8,3,2,8,4,1,0.293522906793049,0.723589640634411,2,2,11,3,4,1,0.2,2,3,0.125,2,0.0666666666666667,0.235294117647059
0.30952380952381,0,3,0.264137437365784,2,0.107142857142857,3,4,1,1,0.457142857142857,4,1,3,3,1,0.156345444971037,0.559606504717928,8,1,12,3,2,1,0.1,0,2,0.05,2,0.133333333333333,0.117647058823529
0.642857142857143,0,2,0.855404438081603,2,0,4,4,2,2,0.2,3,2,1,3,3,0.23117430226435,0.498574583416985,4,1,12,3,3,0,0.3,3,3,0.1,2,0,0.176470588235294
0.5,0,1,0.822476735862563,3,0.714285714285714,4,2,1,1,0.0285714285714286,1,2,8,3,2,0.248920484465508,0.0760088335675567,6,1,19,3,3,1,0.25,1,3,0.075,2,0.0666666666666667,0.117647058823529
0.333333333333333,1,2,0.0973514674302076,2,0.142857142857143,2,2,1,1,0.242857142857143,4,1,7,3,3,0.0749341758820432,0.530977715318209,3,2,14,3,1,0,0.2,2,3,0.1,1,0,0.176470588235294
0.571428571428571,0,3,0.226914817465999,3,0.392857142857143,4,3,2,2,0.671428571428571,3,2,8,4,1,0.214744602422328,0.0323629793214214,3,2,12,3,3,2,0.35,4,3,0,0,0,0
0.380952380952381,0,3,0.813886900501074,3,0.428571428571429,4,4,4,2,0.128571428571429,3,3,8,3,1,0.401211163770405,0.835976711503714,1,1,18,3,3,1,0.225,2,2,0.2,7,0.0666666666666667,0.0588235294117647
0.261904761904762,0,3,0.0243378668575519,2,0,3,2,1,2,0.842857142857143,3,2,1,1,2,0.229805160610848,0.165870307167235,0,1,12,3,1,1,0.15,5,2,0.125,3,0,0.117647058823529
0.30952380952381,0,2,0.732283464566929,2,0,3,2,4,2,0.257142857142857,1,2,7,1,2,0.210321221695629,0.147641035936559,1,1,21,4,2,0,0.25,6,3,0.25,8,0.533333333333333,0.411764705882353
0.238095238095238,1,3,0.931997136721546,2,0.571428571428571,3,6,3,2,0.0285714285714286,2,1,3,4,1,0.0715113217482886,0.669945794017266,5,1,12,3,1,1,0.15,2,2,0.1,1,0,0.176470588235294
0.476190476190476,0,3,0.931997136721546,3,0,3,2,1,2,0.414285714285714,2,1,9,1,3,0.0973670352817272,0.376591045974704,4,1,14,3,1,0,0.5,3,2,0.025,0,0,0
0.404761904761905,0,3,0.803149606299213,3,0.214285714285714,4,2,3,1,0.357142857142857,3,2,8,4,2,0.220905739863086,0.461433447098976,1,2,11,3,4,0,0.25,2,3,0.25,8,0,0.529411764705882
0.333333333333333,0,3,0.909806728704367,2,0.142857142857143,4,2,4,2,0.371428571428571,2,2,5,4,3,0.456556082148499,0.322987351937362,8,1,24,4,2,0,0.2,1,3,0.025,0,0,0
0.357142857142857,0,2,0.859699355762348,2,0.214285714285714,2,2,4,2,0.0857142857142857,3,2,1,3,1,0.261137440758294,0.641838988154989,1,1,20,4,3,3,0.225,2,3,0.225,7,0.133333333333333,0.470588235294118
0.476190476190476,0,2,0.960629921259842,1,0,4,5,4,2,0.828571428571429,3,1,2,2,2,0.104370721432333,0.12567757478418,0,2,11,3,2,1,0.175,2,3,0.15,2,0.0666666666666667,0.117647058823529
0.119047619047619,0,3,0.335719398711525,2,0.392857142857143,2,5,4,2,0.685714285714286,3,1,3,4,3,0.0862559241706161,0.464886568962056,1,1,13,3,3,0,0.125,6,4,0.125,2,0.0666666666666667,0.235294117647059
0.523809523809524,0,3,0.244810307802434,3,0.0357142857142857,2,3,2,1,0.885714285714286,3,2,8,2,2,0.245813586097946,0.0868901826942381,3,1,14,3,3,1,0.375,4,3,0.275,8,0.333333333333333,0.588235294117647
0.476190476190476,0,2,0.290622763063708,2,0.178571428571429,4,2,1,2,0.6,2,2,5,3,2,0.227066877303844,0.489459947801646,2,1,11,3,4,1,0.25,1,3,0.2,3,0.466666666666667,0.411764705882353
0.404761904761905,0,3,0.925554760200429,2,0.285714285714286,4,4,2,2,0.257142857142857,3,2,7,3,3,0.215323854660348,0.666693435053202,1,1,19,3,2,0,0.25,5,3,0.25,7,0,0.470588235294118
0.357142857142857,0,3,0.285612025769506,2,0.5,2,4,2,1,0.928571428571429,3,2,1,4,2,0.203738809899947,0.785344308371813,0,2,13,3,1,1,0.25,6,3,0.225,7,0.533333333333333,0.0588235294117647
0.333333333333333,0,3,0.118110236220472,2,1,4,2,3,1,0.271428571428571,2,1,3,2,3,0.0962611901000527,0.555109415779964,1,1,13,3,3,0,0.15,3,3,0.15,2,0.266666666666667,0.0588235294117647
0.333333333333333,0,3,0.500357909806729,3,0,4,3,3,1,0.257142857142857,3,3,8,4,2,0.495681937862033,0.88086729572375,1,1,19,3,3,2,0.35,3,3,0.35,10,0.333333333333333,0.411764705882353
0.166666666666667,0,3,0.916249105225483,3,0.25,2,5,1,1,0.785714285714286,3,2,8,3,1,0.205265929436546,0.465368399919695,0,2,22,4,2,1,0.15,3,2,0.125,3,0,0.235294117647059
0.0714285714285714,0,3,0.285612025769506,3,0.142857142857143,1,4,3,2,0.4,3,1,9,1,3,0.0721958925750395,0.938968078699056,1,2,11,3,4,0,0.05,6,3,0.05,2,0.0666666666666667,0.117647058823529
0.5,0,1,0.00214745884037223,2,0.285714285714286,3,2,4,2,0.814285714285714,3,5,4,4,3,0.970089520800421,0.530335274041357,2,1,13,3,3,0,0.525,3,2,0.15,0,0.0666666666666667,0.176470588235294
0.904761904761905,0,1,0.404438081603436,2,0,4,2,3,2,0.385714285714286,3,2,1,3,1,0.278936282253818,0.969363581610118,1,1,21,4,1,1,0.325,2,2,0.325,12,0.0666666666666667,0.529411764705882
0.904761904761905,1,3,0.148890479599141,2,0.214285714285714,2,6,4,2,0.6,3,1,3,3,2,0.0700368615060558,0.0631198554507127,8,1,11,3,4,1,0.35,4,1,0.25,9,0.6,0.470588235294118
0.380952380952381,0,3,0.43092340730136,3,0.964285714285714,3,3,4,1,0.928571428571429,2,2,8,3,2,0.300315955766193,0.276410359365589,1,1,21,4,4,2,0.2,2,3,0.2,7,0.0666666666666667,0.411764705882353
0.547619047619048,0,3,0.592698639942734,3,0.0714285714285714,3,2,3,2,0.385714285714286,2,2,8,2,1,0.417535545023697,0.406866091146356,2,1,11,3,3,1,0.35,5,3,0.125,4,0,0.235294117647059
0.333333333333333,0,3,0.305654974946314,2,0.0357142857142857,3,6,4,2,0.685714285714286,3,1,7,1,3,0.0753027909426014,0.369162818711102,1,1,14,3,4,0,0.1,4,3,0.1,2,0.0666666666666667,0.117647058823529
0.761904761904762,1,2,0.555476020042949,3,0,4,2,2,2,0.914285714285714,3,2,8,3,1,0.30115850447604,0.488295522987352,7,1,12,3,4,2,0.3,3,3,0.15,3,0,0.0588235294117647
0.261904761904762,0,3,0.913385826771654,2,0.428571428571429,2,5,4,2,0.228571428571429,2,2,3,2,2,0.158820431806214,0.866693435053202,4,2,13,3,1,1,0.25,2,3,0.1,3,0,0.176470588235294
0.261904761904762,0,3,0.261989978525412,2,0.964285714285714,4,4,4,1,0.614285714285714,2,1,7,1,3,0.146182201158504,0.256775747841799,1,1,14,3,2,0,0.125,3,1,0.125,4,0,0.235294117647059
0.30952380952381,0,1,0.159627773801002,2,0.142857142857143,3,4,2,2,0.628571428571429,3,2,5,1,3,0.470089520800421,0.0679783176069062,0,1,19,3,2,0,0.25,2,3,0.225,4,0.0666666666666667,0.411764705882353
0.428571428571429,0,2,0.559770937723694,2,0.785714285714286,2,4,3,2,0.157142857142857,4,2,3,4,2,0.0822538177988415,0.409395703673961,4,1,17,3,3,1,0.425,3,3,0.125,2,0,0.176470588235294
